{
  "weights": {
    "ai_api_key_exfiltration": 0.335,
    "api_bola_chained": 0.335,
    "auth_bypass": 0.21950000000000003,
    "bfla": 0.335,
    "command_injection": 0.13865000000000002,
    "cors_misconfig": 0.21950000000000003,
    "csrf": 0.13865000000000002,
    "exposed_api_docs": 0.335,
    "file_upload": 0.21950000000000003,
    "idor": 0.21950000000000003,
    "information_disclosure": 0.21950000000000003,
    "lfi": 0.21950000000000003,
    "open_redirect": 0.13865000000000002,
    "path_traversal": 0.13865000000000002,
    "security_headers": 0.21950000000000003,
    "sqli_blind": 0.21950000000000003,
    "sqli_error": 0.6066291798805113,
    "sqli_union": 0.21950000000000003,
    "ssrf": 0.21950000000000003,
    "ssti": 0.21950000000000003,
    "xss_dom": 0.21950000000000003,
    "xss_reflected": 0.21950000000000003,
    "xss_stored": 0.13865000000000002,
    "xxe": 0.21950000000000003
  },
  "runs": 24
}